[{"code":"try {\nif (Build.VERSION.SDK_INT \u003e\u003d Build.VERSION_CODES.N) {\n\t\t\t\t\tUri uri \u003d androidx.core.content.FileProvider.getUriForFile(getApplicationContext(),\n\t\t\t\t\t\t\tMainActivity.this.getPackageName() + \".provider\", new java.io.File(%1$s));\n\t\t\t\t\tIntent intent \u003d new Intent(Intent.ACTION_VIEW);\n\t\t\t\t\tintent.addFlags(Intent.FLAG_GRANT_READ_URI_PERMISSION | Intent.FLAG_GRANT_WRITE_URI_PERMISSION);\n\t\t\t\t\tintent.addFlags(Intent.FLAG_ACTIVITY_NEW_TASK);\n\t\t\t\t\tintent.setDataAndType(uri, \"application/vnd.android.package-archive\");\n\t\t\t\t\tstartActivity(intent);\n\n\t\t\t\t} else {\n\t\t\t\t\tIntent intent \u003d new Intent(Intent.ACTION_VIEW);\n\t\t\t\t\tintent.setDataAndType(Uri.fromFile( new java.io.File(%1$s)),\n\t\t\t\t\t\t\t\"application/vnd.android.package-archive\");\n\t\t\t\t\tintent.setFlags(Intent.FLAG_ACTIVITY_NEW_TASK);\n\t\t\t\t\tstartActivity(intent);\n\t\t\t\t}\n\n} catch (Exception rr) {\nshowMessage (rr.toString());\n}","color":"#24B646","name":"install apk files fixed","typeName":"","palette":"12","type":" ","spec":"install APK From Path %s"}]